new	p4x9k2m7q1w8n3r6t5vz.html	-	529fa4fb7f017dc7535b1e46add4af8d
new	ikisaki_tool/js/pmjtools2.js	-	de73df216475fed21ec09fdfe7c07cf4
new	ikisaki_tool/ikisaki_itask_tool/itask_image_hosei.do	-	658f75630eb0d5d48e353ced9b76fe50
new	ikisaki_tool/ikisaki_itask_tool/itask_aitext_analyze.do	-	fa4ba42914c4fb68b1dfdb0ade351552
replace	ikisaki_tool/js/itask_tool.js	341532119e6983f33f02151236f66db3	43b7809003db2de632c6c3b2d17bf7bc
replace	mdb_js/ikisaki_init.js	97626ad71423cbbfc2dd92165fa9869c	82d5fbedade4783826022f507793aed4
replace	index.php	0ed031f341d5a79f3db80aad1ecca989	b61b68221d749b53bbda8333bf5f4d43
replace	ikisaki_tool/ikisaki_itask_tool.do	47f00293fa5daa44b71c1ab641493832	b6abba67a2efb6ff0fc24736210be7d6
replace	hzcQShkeRUEksyyJrTndjdt3x.html	5772aca139ac4c4d975b0650db5e2ce6	d465c7853142a7b3ed5bc03ff3ec3fe1
patch	ikisaki_tool/check_member.php	700a9ce11eab3cd1f8eb3181f6713dab	c3f0cb5ab26ec281bc70bdbdf3b3fc47
